feature,corr_with_event,corr_with_time_to_hit_hours
projected_time_to_threat,-0.47263639965226295,0.338158952474456
kinetic_momentum,-0.10452346765504707,0.11481701915263991
directed_speed_vector,0.00814717906387702,-0.02352698295325616
initial_vigor_index,0.2678746550936183,-0.2972775000250661
