,area_first_ha,area_first_ha,area_first_ha,area_growth_abs_0_5h,area_growth_abs_0_5h,area_growth_abs_0_5h,area_growth_rel_0_5h,area_growth_rel_0_5h,area_growth_rel_0_5h,area_growth_rate_ha_per_h,area_growth_rate_ha_per_h,area_growth_rate_ha_per_h,radial_growth_m,radial_growth_m,radial_growth_m,radial_growth_rate_m_per_h,radial_growth_rate_m_per_h,radial_growth_rate_m_per_h,centroid_displacement_m,centroid_displacement_m,centroid_displacement_m,centroid_speed_m_per_h,centroid_speed_m_per_h,centroid_speed_m_per_h,dist_min_ci_0_5h,dist_min_ci_0_5h,dist_min_ci_0_5h
,mean,std,median,mean,std,median,mean,std,median,mean,std,median,mean,std,median,mean,std,median,mean,std,median,mean,std,median,mean,std,median
event,,,,,,,,,,,,,,,,,,,,,,,,,,,
0,795.6068310544139,1695.3299258039099,162.4247902723333,6.383025078455179,54.172491074049105,0.0,0.03363959932749463,0.27243952250932046,0.0,1.4768252795491548,11.894241887572113,0.0,9.041167086506897,72.6212229675997,0.0,2.302374343501918,16.63169150239802,0.0,13.691235293179929,107.84910819267022,0.0,3.662569708917873,25.871067505541724,0.0,179832.30309962644,181234.8812700144,128842.06927193646
1,230.3746995543039,419.0543804079016,58.19741306463198,70.27884324596907,322.95270917366366,0.0,0.49892172152947106,2.2734530629383642,0.0,16.499390660936378,69.47294876064757,0.0,74.3431696868722,230.69934964907625,0.0,19.815682771739926,61.6792671616135,0.0,111.65714323275967,349.71552290310353,0.0,30.217648031192127,96.23376638078366,0.0,2285.8183496477777,1018.185360495083,2429.801581387567
